,text,joy,anger,fear,sadness,disgust,person
0,"Mr. Macron must win this election because if it is Madam lepen in power france will be in the CHAOS and I do not want a war in France I love france is not retreating, a France which advance, wants a France with all borders is with all that France advance (exports and imports) will be in a DOME and that is out of the question.  Can be Macron will not better but at least we will this chaos on our head. Come macron !!!",0.515848,0.317362,0.160446,0.04972,0.036015,macron
1,It has very interesting ideas in relation to French citizens not As macron want France sank ,0.502424,0.229468,0.076863,0.163919,0.066818,macron
2,My friends think the same thing because we see the réaliter opposite. We have modest family and we know that if macron password we will still lose our power Pan-Asian,0.162405,0.226234,0.080372,0.657589,0.024206,macron
3,Ms. pen knows well what macron is is that the result of the policy of holland then why not try the FN may not be its worst of any way,0.058542,0.306898,0.152962,0.378809,0.095679,macron
4,Because with macron will choice ,0.566024,0.048972,0.104692,0.171061,0.052233,macron
5,Caron is our future and with macron is poorly blocked,0.014036,0.108747,0.179438,0.828449,0.105375,macron
6,This'll macron because capitalism is very reductive regime for our country ,0.077776,0.113447,0.170287,0.208712,0.180845,macron
7,"Because people are afraid of Marine Lepen and large, patterns will necessarily vote macron",0.08062,0.018072,0.831546,0.0422,0.050888,macron
8,Mr macron might win because marine lepen the last debate is decridibiliser from French and more sint cest show very childish behavior,0.170792,0.369434,0.124854,0.10722,0.481257,macron
9,Marine pen because it is more honest than mr macron ,0.139149,0.243548,0.118035,0.114375,0.028356,macron
10,Some of my friends are marine to the pen. I am not saying I n not approved because each his choice and his I respect. But marine pen I think credible things say will not share for the immigration c is the only thing I can understand but I strongly believe that macron is majority in the votes.,0.377081,0.31015,0.099896,0.173161,0.148872,macron
11,"People are afraid of lepen, and macron many support ...",0.0138,0.011618,0.883096,0.071454,0.080884,macron
12,Yes my friends are of the same opinion that they will vote for me to counter the rise of macron fn,0.34564,0.232115,0.022212,0.27085,0.284383,macron
13,Quite simply because people who vote Fillon ect ... Referring to vote macron.,0.260827,0.05289,0.01505,0.157307,0.63894,macron
14,I think his will because despite macron is error past he has a good program ,0.141501,0.046518,0.054426,0.814047,0.024884,macron
15,Because it will address terrorism while macron wants nothing and wants us to work even more for nothing won I won 1000 euro by me working 172h per month that it be stopped we all thing has pay and a life to live and not survive,0.136223,0.08893,0.306874,0.457755,0.231242,macron
16,Not because I have friends who vote the pen and macron whichregistration and white whichregistration ,0.360244,0.319861,0.051127,0.123091,0.268859,macron
17,Because marine feather equipmcnt pass and any person not vote for French macron ,0.135073,0.066817,0.080677,0.174252,0.093784,macron
18,I think M macron is what I expect a policy for France.,0.039342,0.168716,0.062476,0.15549,0.201086,macron
19,"Mr macron will election because he wants to make savings, unemployment pants, retirement juice not apls that serves many will not delete.",0.074831,0.336439,0.050603,0.363271,0.083264,macron
20,Mr macron and for the rich ,0.601483,0.200659,0.029761,0.087966,0.020941,macron
21,Because macron is the best,0.89651,0.005711,0.008198,0.003323,0.000478,macron
22,Because macron has a good program ,0.822839,0.017679,0.045618,0.055606,0.008525,macron
23,I think macron will win ,0.78382,0.066928,0.069903,0.050989,0.044794,macron
24,"Navy thinks President because his program is much more comprehensive than the macron. We try all schemes except that lextreme right. At their current French not nothing to lose but all was win. Mr macron is just a puppet who want to govern a country that fractions and measurement time is destroyed. It is not all has the height. Its still a kid who thinks, rich.",0.536558,0.226365,0.173542,0.196247,0.077518,macron
25,People are voted for macron can Lepen are programmed is not very clear,0.246901,0.149392,0.04317,0.211435,0.480733,macron
26,"Basically I am not agree with the person who is etai elected, dėjà because it tell us something will not hold, will leave the rule unnecessary. I can't understand how why today our French we vote for this kind of president more than it was ripped off the state ..... jhaluccine Marine pen and a fashiste while normally we should be in the laicitė respect for each other, normally a sadistic racist person it does not power my it encloses, And macron is not better than it. 2.",0.040844,0.504638,0.041938,0.351803,0.340788,macron
27,I think that Mr. Miranda macron freshness has France as a renewal of good thing ,0.61617,0.059953,0.073255,0.060491,0.074116,macron
28,The person who will won the elections is Madam LE PEN because it is more sincere macron macron said that lies ,0.133293,0.395236,0.133086,0.371388,0.134513,macron
29,It was a great thing to help macron,0.800791,0.008932,0.04979,0.037777,0.007145,macron
30,"I think Mr. macron remporteras this election with Madam pen, I think it is more convincing and he has a real project for France.",0.105379,0.379881,0.339087,0.200139,0.075524,macron
31,Because macron is young and all voters end almost Melenchon and Fillon are left movement in march ,0.123513,0.071093,0.204598,0.605609,0.214291,macron
32,"Mr macron is more or less the continuity of Mr holland euro we eat ex: baguette bread bakery in 2.80 franc franc wand today 1.10 euros or 1 ,10x6.55957 = death for us small French ",0.042577,0.136079,0.142752,0.575607,0.330411,macron
33,For me I think the pe will gagnier as French donation led not very intelligent not voyent that the point France will be lost. But even if it is password macron is all lost.  In truth the best solution for France keeps its power is to leave Europe that takes us. Before European we are French.  Freedom equality fraternity or go?,0.071204,0.196458,0.132334,0.752028,0.054541,macron
34,I think navy will win all simply because we cannot leave macron won,0.715139,0.061216,0.046861,0.135405,0.069519,macron
35,"Macron is facing The pen, most voters for this second round will not vote FOR macron but against Navy the pen.",0.11884,0.25189,0.172928,0.232812,0.172018,macron
36,I think the think a better president than macron because it has many good arguments and responds more to need people that macron ,0.38603,0.317626,0.046019,0.303645,0.047188,macron
37,Because what wants to change to French without putting us batton in the wheels!! Life is biien too dear why vote macron and let ruin not thank you. ,0.545402,0.136563,0.069376,0.153712,0.091046,macron
38,I think is because marine macron'll engulf France tomorrow,0.206444,0.056652,0.317604,0.240265,0.038021,macron
39,Because macron wants to live with terrorism and the pen is removed terrorism and because uttons wants to remove some financial aid while the pen wants to add 1000 € per years small retirement and related person can money.,0.029709,0.190754,0.255688,0.317903,0.194543,macron
40,I think macron win despite elections l ¦;,0.188341,0.251022,0.053531,0.575741,0.065547,macron
41,"The French don't want to leave the European Union. It is everywhere voted macron. Today out of Europe, I do not too.",0.106798,0.184074,0.116371,0.498011,0.311513,macron
42,I think that will win because macron and a has all journalists more bankers more former Presidents in his pocket. And the other is trying to do good is inventing a program last minute. People believe what they say so it is on he will move to power. While it has no respect for the people ...,0.490577,0.110846,0.021617,0.217495,0.288144,macron
43,Yes because she wants to just lower the foreigners from macron this remove lpl and any aid ,0.062739,0.062778,0.05566,0.351062,0.127909,macron
44,Some of my friends feel the same thing and other are not because they believe in you Emmanuel macron but good each his vision of things ,0.728861,0.039666,0.056018,0.177412,0.01146,macron
45,Emmanuel macron will be president because too many Barage against Navy THE PEN and the FN and then the French were afraid of change to try something different ,0.030901,0.065519,0.68773,0.097001,0.031655,macron
46,From the point of view of the Ms. Lepen is much more concrete that Mr macron remains vague on these project. ,0.42647,0.157102,0.053712,0.089924,0.074186,macron
47,Navy lepen has the honour to represent France As values of our country. She wants to change something that are important in life of each French citizen macron when it has a notice for the most wealthy person and the way of life form of each French and think q a thing is becoming president to conduct even more discord ,0.577569,0.071358,0.064729,0.169684,0.096059,macron
48,The French are afraid of FN so they vote by default macron,0.021544,0.025308,0.877606,0.048749,0.096553,macron
49,I started my friends in the navy parties pen because they are like me that it has very good ideas and that it is the only one who can get things because macron government party has doing Holland and 5 years he has not held commitments say.,0.634299,0.068409,0.126747,0.191094,0.041037,macron
50,Macron I v not vote against lepen but for macron,0.157933,0.09194,0.099978,0.161819,0.072867,macron
51,Neither the penni macron,0.179551,0.088473,0.091248,0.148831,0.074744,macron
52,Because navy has not benefited from the debate to present his project She did criticize the 5ans Holland and say intoxs macron instead of talking about his project for the next 5 years and ct injury,0.46743,0.150256,0.139346,0.10157,0.16975,macron
53,"Because people can be fn but not Mr macron while both are at the same level as them rich person doing low back, not ever work in ehpad and devalues the business, as our salary",0.08011,0.05896,0.097064,0.652181,0.324238,macron
54,I think economic level with mr macron we will plunge,0.123505,0.159074,0.293476,0.150408,0.141132,macron
55,I think macron es a thief work more to earn more what his greenhouse for a pti worker I would like to see our place ,0.039053,0.223435,0.091197,0.275675,0.095407,macron
56,Because France and especially the French can give power to an extremist party therefore their only solution remains macron,0.573116,0.118135,0.042427,0.13086,0.049852,macron
57,"Macron will certainly win the election, the media to ensure that it goes like this, people have a bad idea to marine pena cause of her father yet just read his program (much more coherent than the macron) to find that it is different. We have never had a woman in power, nor the fn, we cannot know what it is if we are not. But people are afraid of change and will therefore, I think, elect macron, remain in the same boat, or worse, that today.",0.02197,0.057069,0.547428,0.505711,0.13879,macron
58,Because macron is well,0.636885,0.02579,0.07118,0.09424,0.023587,macron
59,"The two candidates from the second round is certainly a program but it is not, however, that French citizens desire. Voting macron this is not vote for its program or because it represents what is but vote for him come back to vote for the least worst of both. And all the world where most people think it is the least worst in terms of succession.",0.201229,0.053255,0.065036,0.589671,0.260911,macron
60,For me personally is macron because its programme is clearer and better study because it takes into account all the key factors that hindered or little success. ,0.771579,0.07477,0.054534,0.026604,0.011126,macron
61,It think macron will be elected ,0.16795,0.128534,0.162508,0.186836,0.108831,macron
62,"Most of my relatives also believe that navy can bring us a renewal, and in the current trend of things, we provide more security. They think égaldément macron that we bring nothing good, just more misery while we, as a citizen of middle class, already great difficulty we out.",0.371506,0.092063,0.113088,0.257811,0.134924,macron
63,My friends pence macron and a good my otherwise the same thing thing pence me ,0.75881,0.053475,0.070268,0.11442,0.015504,macron
64,In view of the errors mr macron France woke up on the past. ,0.05644,0.157512,0.193768,0.753986,0.036706,macron
65,"I think macron will president because many other candidate we asked their constituents not to vote the pen, the national front scares many French but the change is scary but this is not as a bad thing is why I vote Marine Le Pen ",0.009551,0.098225,0.850398,0.172216,0.136408,macron
66,For all media assassinate the reputation of Marine Le Pen against his father Jean Marie.Et they are all in favour of macron,0.355041,0.174481,0.083571,0.237649,0.104043,macron
67,Will manage the points or Mr macron failed,0.010222,0.290694,0.270816,0.65835,0.052928,macron
68,I think the artisans have more luck with lepen that with macron,0.458425,0.139225,0.194303,0.158466,0.024299,macron
69,All l macron is much more than for the pen except that the wheel turns. All can change in the second round ,0.14506,0.316561,0.30601,0.254761,0.01291,macron
70,I pance that its navy will lepen will parsque simply emanuelle pete macron above his ass and pance that compare him to Navy lepan moin wants to move the france soetir up to the economic downturn shit my opinion,0.04717,0.477569,0.088752,0.369704,0.327441,macron
71,Because it has a future for the average citizens compare macron that needs washing after each hand cuffs hand and feels dirty I cannot find its worthy of a president ,0.224282,0.092592,0.195121,0.185218,0.355742,macron
72,He want to vote the pen because it think macron is 2nd holland but I think it croivent that the pen will leave the French well-functioning,0.144069,0.337652,0.139,0.370356,0.101988,macron
73,"I think a macron, because people are afraid of marine pena cause is are father said when he go to the presidential election, we know all about the FN will not ....",0.004728,0.086386,0.81019,0.218144,0.139156,macron
74,Yes because marine Pena held a speech on these promises to relieve France that will then emmanuel will be even lower macron France. ,0.278111,0.070142,0.222811,0.292445,0.240622,macron
75,Yes because it will be always less worse than macron ,0.009904,0.258233,0.18248,0.717706,0.12136,macron
76,I think the French have already tried many different policy but none has function and macron is part of the policy has already tried work with Mr. Holland we all well view that nothing had changed so false try another policy ,0.047627,0.134542,0.185635,0.544569,0.09558,macron
77,"He thinks the macron Directive will slave and I think it is true, its a dictatorship.",0.170533,0.085417,0.269454,0.445229,0.167044,macron
78,"It is a useful vote dam marine pen, but in no case I believe voted macron is a good choice",0.744795,0.156375,0.018465,0.049029,0.035866,macron
79,She has d more objective that mr macron,0.150989,0.170982,0.090294,0.126856,0.058576,macron
80,Marine pen already because we cetait and appercu macron is a con then if with all the crap that balance it even on him and roof is that the press finds it is elected president bravo to the French people submitted ,0.081467,0.479141,0.174325,0.365986,0.091424,macron
81,It is the future of France émanul macron,0.296357,0.009948,0.079684,0.078331,0.019638,macron
82,I think Marcrin gonna win these elections because despite the fear of French Navy remains far from the future with all its campaign.,0.04713,0.036054,0.860299,0.098962,0.066295,macron
83,"I think macron is the result of hollandisme, however think chaos so I vote useful ",0.284839,0.466896,0.090456,0.116093,0.091471,macron
84,Rise of racism in France. A very little program detailed by Mr. macron and disturbing social reforms.,0.033953,0.281691,0.25456,0.113146,0.458128,macron
85,I wanted to abbord vote for melanchon I'll vote for macron obligation ,0.212539,0.177358,0.043281,0.201175,0.473302,macron
86,"I think Navy is the only really want the good of this country and for everyone unlike macron: who, only supports the finance and cares of workers, pensioners or disabled ... Macron is just 1 crook",0.102394,0.25672,0.024652,0.34328,0.530529,macron
87,"I think macron is best placed to have a presidential place.  He has credible program to our future at all. It should just act after fine words.   The pen is good also but I remain fixed on macron, because for me it is important day today to have a progress later and not words.    I support this campaign because this shows also France and our country and I think many credible people not vote macron fear that the change would too suddenly.    Beaucoups things will change if macron password. And for its program I would be very happy that its reality. ",0.652842,0.068383,0.647974,0.115141,0.053118,macron
88,Yes to accept less macron everyone,0.464328,0.119226,0.06214,0.350955,0.034242,macron
89,Caron is not its macron baby Holland it'll destroy France ,0.068989,0.528551,0.130678,0.338311,0.226972,macron
90,Yes my friends think like me and we believe that with someone like mr macron it is likely that France will have a great change ,0.657349,0.066423,0.059864,0.139966,0.028002,macron
91,They think the same thing as me That is to say that neither the other are very famous but macron to a small. ,0.372745,0.249663,0.098695,0.313647,0.048265,macron
92,Living macron suppressant lepen,0.543375,0.038861,0.101607,0.220787,0.053718,macron
93,He did not think the same thing will vote macron knowing that we have demonstrate against the law el komhri and macron is for the law work,0.148177,0.228151,0.217154,0.241739,0.296907,macron
94,I think c macron that will win the election because Madam pen not merit and almost all the people imigré want to do lol),0.353696,0.149617,0.213318,0.381594,0.048813,macron
95,I am neither for or pen macron,0.098873,0.312008,0.156789,0.094935,0.039721,macron
96,Because mr macron is not be to not know if he and right or left and I pence that its gonna As mr holland. And Marine Le Pen has good idea and even if we do not like its gonna be referendum therefore no reason to vote not navy.   ,0.46631,0.141663,0.124565,0.325559,0.01762,macron
97,The opinions are decide between marine lepen and macron the choice and opinion is the same need to change France and recover our country and if it has a yen that can succeed is marine lepen ,0.248281,0.125084,0.339796,0.131509,0.168754,macron
98,My friend pence mele thing because the macron will not help us because it will fuck any and we will in the shit,0.008671,0.902728,0.07174,0.083339,0.184095,macron
99,"Emmanuel macron will be president, during the debate Marine Le Pen was not convincing enough and spend a lot next to the question. Was it no argument to protest against macron and the whole france ",0.294286,0.339569,0.137149,0.196623,0.229578,macron
100,I think Macron will pass because Marine Le Pen has a program too aggressive while macron has a program more stable and more realistic in terms of the economy. Certe a program difficult to hear for some but more realistic than marine pen.,0.116842,0.222058,0.317657,0.360666,0.036502,macron
101,Because its project and much better than the macron,0.876663,0.01804,0.033428,0.036967,0.006655,macron
102,"The draft Madam Pen until present is nothing good, it PPIM complicated abstract and empty in some parts. Even if I am not agree with Mr. macron, defend its project and qait it. Madam pen it feels just wants to win to push foreign outside france, frankly, it is not what we need.",0.253344,0.277813,0.20695,0.335589,0.138217,macron
103,Lepen is more about macron) is rather delle indesit is lesser talent,0.15001,0.103565,0.18144,0.352476,0.048801,macron
104,So it will macron will win because the media want to be him and we know that his media decide. ,0.509724,0.221342,0.085576,0.088894,0.179103,macron
105,For me the right choice for France v macron President ,0.51784,0.098737,0.035404,0.103668,0.129261,macron
106,His macron because he will bank its side and many other people I wonder if our vote really know who account,0.099313,0.165676,0.086833,0.517377,0.365204,macron
107,I vote for Mr. macron because it has positive idea for the future of my country,0.856471,0.018907,0.02391,0.031445,0.039206,macron
108,"Yes because Marine Le Pen divide while macron will not better but not divide the French between them, there will be less hatred",0.089004,0.599604,0.078606,0.212717,0.083148,macron
109,Compare macron. The Pen pence has all these taxes that we are poverty. And these pensions that can pay their rent while he wants scams macron France and take all are money,0.05073,0.575647,0.015911,0.191766,0.22967,macron
110,Because marine Pence that she said is true.  Because macron am not closed borders and not project for the immigration therefore Marine Le Pen is more convincing and more serious for France and our future marine c is the Pen,0.353957,0.203027,0.136926,0.110995,0.059534,macron
111,"Macron will prevail because great debate, navy pen was constantly in the attack against certain things etc that not questions journalists and emmanuel macron is defandait as bad attacks, defandait project by answering the questions.  ",0.018573,0.498087,0.515537,0.118363,0.22773,macron
112,I would like this itself Pen is elected but in my opinion the French are so stupid that will vote for a macron souhadisant declining residential tax while the rest will increase it's sad really sad!  ,0.004074,0.207968,0.132261,0.787171,0.154891,macron
113,"I think that voting Macron is the right choice for our country because we advocate freedom, equality and fraternity.   Voting Marine Le Pen is going against the values of our Republic.     France is the mixture, the métissage and we are proud.",0.76476,0.060254,0.041774,0.089871,0.067473,lepen
114,It ya of people we look at the debate carefully and my said Pen against other my said acron just because it does not want the Pen is preferred to be in the shit by profit and judgment,0.089452,0.708314,0.137078,0.07614,0.257245,lepen
115,Navy Lepen has air and I said well air trying to interest the French population too long forgotten so long forgotten that families are decimated by going to see a concert or a fireworks and more france never was governed by the fn and when we see the results of previous parties after all why not. Mr Macron has the air that always has to complete his bank account in rotschild,0.350782,0.098569,0.148752,0.412014,0.065018,lepen
116,For fear of Le Pen vote for Macron,0.0338,0.034622,0.928493,0.022065,0.067817,lepen
117,"Because I think Madam Le Pen is too aggressive, that it will not what she said, I think a good President must perform its program without forgetting that it must first complete what former President did not end which is not his case, if it is President, it will change everything and nothing will, I also find that a President must ask the people what they want exactly and not do what the President wants and then it keeps breaking sugar on Mr Macron While it is not better.",0.327846,0.433179,0.096297,0.193537,0.116545,lepen
118,For Marine Le Pen has been know for years and that are programs and any is good and it is the only one that could leave France shit. Macron and a insposteur it is not fate of null and it farts above his ass down you're person and you is not up to get France shit ,0.051815,0.583952,0.085129,0.273344,0.328985,lepen
119,I think Mrs Le Pen really want found France in time and enable young people to find more work,0.293976,0.16335,0.205529,0.405701,0.05419,lepen
120,Just to make dam Ms. Pen ,0.138343,0.248882,0.145918,0.089719,0.047718,lepen
121,Marine represents France wants to return undocumented and get frank ,0.187768,0.127197,0.077105,0.213351,0.103024,lepen
122,"Quite simply because the French people not gonna vote for Mr Macron but against Ms. Le Pen, France as currently need any of its two president, but the choice of the people will theory in favour of the candidate In March rather than to the National Front. ",0.359398,0.066497,0.130971,0.346042,0.207975,lepen
123,I hope that Marine Le Pen will win the election must change it knows is that it is to be a French family she knows the difficulties it deserves to win,0.49929,0.179294,0.06804,0.22018,0.069048,lepen
124,Pence the same thing as me ,0.465115,0.159921,0.194149,0.189809,0.034927,lepen
125,Marine Le Pen because France Is management-led Danger es Only Marine Le Pen can help us find France ,0.232548,0.22888,0.294993,0.090109,0.074758,lepen
126,During the 20ans years the capital of 1pour 100 richest people in the world is increasing. The rich are becoming richer and the poor are increasingly poor. The solution of the Marine Le Pen can counteract this phenomenon at least for the French. ,0.225017,0.175574,0.125244,0.556626,0.087054,lepen
127,Because it years that we have done by the Socialists and other parties and that Macron wants to add taxes while Le Pen wants to save France in removing registered S while Macron said that we should get used to terrorism so I would like to see the day when a terrorist kills his wife and children and that the Mr. will complain to the TV has this time I would just want to tell him but M Matin is you had the need to get to terrorism then Not just complain,0.006906,0.368304,0.210497,0.457338,0.32052,lepen
128,"Because people are afraid of Marine Lepen and large, patterns will necessarily vote macron",0.08062,0.018072,0.831546,0.0422,0.050888,lepen
129,Marine pen,0.135277,0.236382,0.126915,0.096183,0.050058,lepen
130,"No, because for them Navy Pen will be better at levels are programs against employees.",0.331543,0.148778,0.040177,0.074596,0.024169,lepen
131,"Yes, because we are young, and that even if young people have not seen their candidate through second round, they are not stupid to go to combat voting for Mrs Le Pen. We believe that the solution lies elsewhere that between these two candidates unfortunately.",0.471457,0.096138,0.084628,0.375297,0.025408,lepen
132,Not the Pen is saying that its will be worse,0.006864,0.247325,0.202945,0.643401,0.219516,lepen
133,Marine pen because it is more honest than mr macron ,0.139149,0.243548,0.118035,0.114375,0.028356,lepen
134,"Marine Le Pen for years are known with extreme party is crossing which are sometimes the buzz, Woman of character, it seeks the interret of French regardless of its own religion unit partri and primary objective ",0.397097,0.15913,0.11112,0.246786,0.083672,lepen
135,In early I thought would be its Marine Le Pen because I told them that it is favorite to win the presidential elections but my final choice was to say that Emmanuel Macron will no doubt or at least what I hope President of the Republic for 5 next year.,0.410371,0.138377,0.229417,0.207735,0.162336,lepen
136,"Marine Le Pen is too afraid with its extreme right-wing ideas, either for my closure of borders, and several other points on the ith companies including. Yet Emmanuel Macron is for my part far from better. Liberalization of the French economy is for me a social decline despite the benefits that it may have. It is simply less afraid to French. Choose better take the ""less worse"" that the ""worst of the worst"" ",0.04119,0.065882,0.746055,0.334538,0.030288,lepen
137,I do not think because thats the same Holland but vote for Le Pen would be worse,0.027623,0.360488,0.182259,0.451643,0.325425,lepen
138,Because I think that Marine Le Pen can save France unlike Emmanuel Macron it will sink France and the French economy.  ,0.118068,0.299447,0.437608,0.300871,0.084344,lepen
139,I think it must be navy Pen because it let see if a woman better manages the country and also because its program is most appropriate to our country. I never vote for a man who wants us to work when slaves and pay us more knowing that with what is currently there life is survival.,0.289435,0.112368,0.285853,0.170971,0.129349,lepen
140,The genets are afraid of FN because it was created by Jean Marie Le Pen prefers to vote for the double m. Holland ,0.168619,0.045367,0.655515,0.091015,0.04002,lepen
141,Marine pen it has good idea which can help us,0.681508,0.049608,0.095288,0.048491,0.016438,lepen
142,They agree with me because Marine Le Pen has been know for some time and that it is crazy not the French Hangul ,0.503866,0.126,0.080694,0.125588,0.115086,lepen
143,Navy all forces necessary to become president it has good idea for us French citizen ,0.495051,0.131539,0.132077,0.224845,0.078761,lepen
144,"I think Navy will win Caron heard people of all backgrounds and all backgrounds who are beginning to open their eyes and support. She has completely change the Fn: a time when it was his father, I would never vote fn But since it's Navy: everything has changed and I am fully for this political party because I am deeply committed to French values and opposed to extremism in any area. At COOKIES (38), I see every day is pushed to the extreme social and problems with foreigners: those who have made studies, work ... are deported to their country of origin, and those who are problem and attacking people, recognize children who are not having their papers ...: those we care and we degrade our beautiful france. Like me personally I am victim: 1 Burkina Faso beat me and lied to make place My baby at the age of 8 months, the border police had yet seen walks with 3 identity for himself and he went to a network of trafficking in paper, recognized my son without my agreement then it is not the father and refuses to do the DNA test yet imposed by the prosecutor ... he try to type the small several times. Several times I saw spirited dealer outside. But the prosecutors to close all surveys.    I have 1 Tunisian husband, that I know since 2014 and we're together only since 1 year, and we are separated for 1 simple history of paper: I expect her baby and I am only for pregnancy Caron does not give him visa then that we love and that I cannot travel pregnant and more Jaimes children placed by the judge children and I try to recover. While my husband to always work in 2014 it was in France and was expelled because of a visa expired en2015. I fell pregnant when I am go see Tunisia: we love so much, every day is the camera, called ... and we want to spend our lives together, whether for me during the end of pregnancy and childbirth but impossible to have 1 visa. It is urgent to change the laws of foreign person in our situation. And that the bad people like the Burkinabé are following expulsion.  Can you issue 1 visas to My husband Tunisien to come help me please? I found no one to help me then that 1 father and that we really like. Thanks",0.568124,0.444408,0.146321,0.562957,0.128696,lepen
145,Because the French will certainly realize that Marine Le Pen is not the solution to the problems .. Even if Mr Macron is not. Better worth stagnate aggravate things. ,0.216468,0.141745,0.118355,0.567121,0.072848,lepen
146,Marine Le Pen and a good choice for the future of the French people.,0.739552,0.052859,0.075188,0.09343,0.027556,lepen
147,Macron looks like Holland and He presents a project that Marine Le Pen-then I know very well who vote,0.63164,0.09018,0.076417,0.073422,0.116885,lepen
148,Macron will win the presidential election because France to fear of Marine Le Pen ,0.047594,0.034958,0.901368,0.026643,0.064732,lepen
149,I think Macron and more credible than Marine Le Pen Marine Le Pen toenologues still mm speech.,0.289143,0.195753,0.132668,0.14228,0.049341,lepen
150,It is the same thing as Marine Le Pen and too radical.,0.332103,0.17876,0.145427,0.146155,0.045953,lepen
151,It is Navy will win the election because most people as if can satisfied with previous presidents that they think that extremist can change things.,0.458347,0.167598,0.096924,0.157356,0.17916,lepen
152,Navy lepen has,0.179551,0.088473,0.091248,0.148831,0.074744,lepen
153,Marine pen because it and great,0.633468,0.086092,0.064455,0.023534,0.010017,lepen
154,The Navy pen and only want to ensure that the problem of the france this rule and the only face face and it has not afraid of safirmer ,0.052396,0.096552,0.245959,0.368331,0.083298,lepen
155,No I do not house was too choice between Emmanuel Macron and Marine Le Pen ,0.404204,0.14017,0.135887,0.148484,0.049734,lepen
156,"For the moment I don't know if I'll vote Blank or Macron because it is not the solution for all Vangelis that each lives in daily or for the economy, but he has better arguments that Le Pen.",0.447128,0.187433,0.122445,0.358008,0.00662,lepen
157,Navy has the same idea that his father ,0.394612,0.08079,0.057486,0.301054,0.099495,lepen
158,It think the Pen and racist not all,0.111428,0.338306,0.213276,0.108552,0.065575,lepen
159,More convincing on projects that Navy The debate pen,0.2866,0.383275,0.204123,0.053012,0.186523,lepen
160,Methologie Marine Le Pen explicit in relation to Emmanuel Macron who flees the subjects ,0.141266,0.397509,0.289312,0.087537,0.156985,lepen
161,"Button, because I think there is not enough public with Marine. That France is not a country that French, there are many other citizens whose parents are foreign and that no one is crazy enough to return to his family in the country they have left for various valid reasons.",0.15662,0.191405,0.184656,0.535543,0.149443,lepen
162,I think Mr Macron faces the French will surely wake up and vote Mrs Le Pen if they really want change for our future and for future generations.,0.2068,0.101452,0.229948,0.544373,0.059509,lepen
163,Marine Le Pen is racist and we want it,0.04777,0.478898,0.068395,0.10084,0.454764,lepen
164,I know that Marine Le Pen will not. My vote is a vote against Emmanuel Macron and not a vote for Marine Le Pen.,0.380342,0.165842,0.062632,0.157908,0.240668,lepen
165,Macron since Ms. Pen is racist they just wish to be president for revenge ,0.015438,0.722298,0.053371,0.165964,0.294782,lepen
166,"It is a choice by default, it was the former minister of the economy and a few years France this is more indebted that it was already. But he wants to combat unemployment and help the integration of young people ... There are good and bad side in its programme but as I have said is less worse than Le Pen proposes if it succeeds Holland.",0.176916,0.082365,0.220795,0.600778,0.107904,lepen
167,They think vote Le Pen is to be racist ,0.053128,0.426401,0.038335,0.062236,0.680355,lepen
168,For me Marine Le Pen will win because she wants to change the lives of the current French and not repeat the mistakes that were made. Helping homes means and young,0.582934,0.062684,0.1781,0.095911,0.009676,lepen
169,No I do not but I don't vote for E. Macron itself I vote against Mr. Le Pen. ,0.084659,0.334978,0.173375,0.113274,0.040455,lepen
170,"Given the debate they had last night, it is more than likely that the people vote for Macron. Marine Le Pen has continued to peddle lies, it has upset throughout the debate while Macron has done everything to keep his calm. Moreover, he knows better economic status.",0.074523,0.541343,0.137232,0.367511,0.19088,lepen
171,"Navy thinks President because his program is much more comprehensive than the macron. We try all schemes except that lextreme right. At their current French not nothing to lose but all was win. Mr macron is just a puppet who want to govern a country that fractions and measurement time is destroyed. It is not all has the height. Its still a kid who thinks, rich.",0.536558,0.226365,0.173542,0.196247,0.077518,lepen
172,My entourage Macron will think out and not the Pen because its already all view following the fear of French people,0.029531,0.011573,0.947475,0.044912,0.057594,lepen
173,My girlfriend thinks that Mr Macron is very poorly positioned to become president in effect it is the man who has proposed legislation for these last years.  She thinks leave a chance to Ms. Le Pen to see if it will change.,0.08502,0.194149,0.141254,0.645853,0.095837,lepen
174,"It is that Marine Le Pen, has not really concrete project. It presents ideas that either cannot be achieved or have no sense, it is contradicted and attack his opponents rather than answer questions posed.   Mâcon is different, it has a project and he looks to understand the French, it remains to see if he will be able to keep the promises, Marine Le Pen more for me and a person who wants to contain France on itself and without Europe I think we will be even more in poverty today. It was neighbouring countries that support us and close the borders it would be like saying ""stay home"", after it is my point of view and that is why I prefer Macron even if you don't know what to expect exactly. ",0.435851,0.210439,0.183055,0.200673,0.130064,lepen
175,"Basically I am not agree with the person who is etai elected, dėjà because it tell us something will not hold, will leave the rule unnecessary. I can't understand how why today our French we vote for this kind of president more than it was ripped off the state ..... jhaluccine Marine pen and a fashiste while normally we should be in the laicitė respect for each other, normally a sadistic racist person it does not power my it encloses, And macron is not better than it. 2.",0.040844,0.504638,0.041938,0.351803,0.340788,lepen
176,"My friends think that me, Marine Le Pen think the trick money or Europe think of France and has had the time to study everything",0.387157,0.168008,0.158685,0.295357,0.117089,lepen
177,If the Pen becomes president a civil war might occur.,0.096388,0.393777,0.369192,0.145176,0.094901,lepen
178,Long Marine ,0.134678,0.069325,0.07538,0.231605,0.079304,lepen
179,I think the French have tired but beyond vote Marine lepen I do not!! ,0.156522,0.313782,0.082385,0.137422,0.400646,lepen
180,"Mrs Le Pen, its negative publicity, is facing a very bad perception of its program, which leads to exaggerated image positions of the candidates to immigrants for example. Macron seems to be more intelligent playing in favour of a positive publicity, calm and temperate. Further, it has largely led the debate of May 3, clearly outlining his ideas and financing while Ms. Le Pen has prepared this debate in the simple optical ""down"" his opponent, not to mention the ideas of the FN.",0.445148,0.148753,0.233663,0.152083,0.180422,lepen
181,Marine Le Pen because it got very good idea which can change a lot of things and make the French france it has the head on the shoulders it is very well what the French we need and do so to any manniere am ,0.49976,0.070749,0.36082,0.115712,0.020241,lepen
182,"Marine Le Pen can win the election because it is more confident in these speeches, experience and that is what she is talking about. Also Mr Macron is too young and dreamer. Moreover I do not like the Socialist Party and I have never liked nor voted for mr holland.",0.374288,0.206547,0.131642,0.351384,0.036975,lepen
183,Pen has three terrorist 'bcp francais non-sick ,0.00267,0.394054,0.509895,0.263911,0.196569,lepen
184,Because it can make us a lot and I think it can make things happen. I am wholeheartedly with Marine Le Pen,0.319675,0.156544,0.257824,0.251396,0.05078,lepen
185,The Pen ,0.0,0.0,0.0,0.0,0.0,lepen
186,Yes in the majority that is what we believe but I still think it would be better if the Pen password and not rotshilde ah Macron forgiveness ,0.193493,0.348587,0.045193,0.310364,0.027752,lepen
187,The ideas of Mrs Le Pen are not compatible with France,0.372206,0.172622,0.121121,0.121738,0.053608,lepen
188,"Macron is facing The pen, most voters for this second round will not vote FOR macron but against Navy the pen.",0.11884,0.25189,0.172928,0.232812,0.172018,lepen
189,Because Macron has a project and Marine projects its clarity and are not concrete,0.534214,0.129044,0.069566,0.037732,0.044732,lepen
190,Grace Marine pen francais can have works and will be less problem and france with atent your,0.144355,0.274019,0.240328,0.351183,0.014245,lepen
191,Because are program absolutely defends the values of France. Then with the large companies in bankruptcy in France. It is a duty to vote Marine Le Pen. The borders in places and the French have already a little more purchasing power and works.,0.434321,0.223875,0.077871,0.113861,0.216074,lepen
192,"They think like me, Marine LE PEN will save France!",0.366258,0.192368,0.159938,0.157327,0.067799,lepen
193,I think Macron will win because people are too afraid of what could be The Pen,0.048085,0.039577,0.923593,0.042578,0.025942,lepen
194,Frankly people are CON. It will be tense but I hope with all my heart that Marine will not!,0.562842,0.047611,0.12205,0.244444,0.057894,lepen
195,"Macron since the current government demand that voters vote Macron, it is the favorites on all media even if it represents the previous quinquennium or to air Sarkozyste. And finally, voters fear of change that Le Pen could bring. They are afraid of his attitude and his name. ",0.074148,0.018431,0.848137,0.048015,0.088573,lepen
196,Because the draft Mr. The Pen is very. And I agree on all points and that we should not remove the APL Macron as I want to say NO to MACRON !!!  ,0.368859,0.462427,0.04805,0.126977,0.07885,lepen
197,"I think that with a little time and support of all French people, France will be able to finally move forward with Mrs Le Pen.",0.627572,0.068891,0.061979,0.174226,0.029369,lepen
198,"Yes. Macron unlike the Pen does not out of Europe. Because if have fate of Europe they will go to another coinage, the franc, which will make us poorer than I already have. ",0.024791,0.097161,0.293322,0.671026,0.170271,lepen
199,"Pen had a bin program, but it is true that his racist side prevents me from continuing in min choice quote for it, I fear for my foreign friends I do not want to see leave France.  Now people who are the key alloc are child has not to aid I find it unacceptable!   If you do a child you have my means to assume ...  This metonnerai without using that people continue to do 5, 6, or 7!  I am not racist but I am outraged by the establishment of the law to learn Arabic has school!  English yes, it can only help for the future ... thats the international language but Arabic excuse me! But I don't see how it can serve their ...  Macron cooking something not very good with banks ... thats the same as Holland is in the shit it either and the majority of my friends think the same ...  We are all lost!",0.466066,0.553923,0.560665,0.709683,0.144273,lepen
200,"Mrs Le Pen is closer to the people, it supports workers and especially it does not address the people as less than nothing. ",0.089912,0.377286,0.06988,0.469188,0.243106,lepen
201,Because the Pen we want to go fren,0.054196,0.301153,0.354354,0.310842,0.036991,lepen
202,Yes I think Macron in this that say and credible. Moreover it does not wish to withdraw euros.   Navy promises great any anything.,0.417847,0.046797,0.141477,0.203451,0.10734,lepen
203,Emmanuel macron will be president because too many Barage against Navy THE PEN and the FN and then the French were afraid of change to try something different ,0.030901,0.065519,0.68773,0.097001,0.031655,lepen
204,I think Macron has a concrete program and clear unlike LePen ,0.2138,0.12004,0.147521,0.144692,0.111867,lepen
205,Navy pena a project that are exactly what france has attant 5 years to prove what we can saved the france of the crisis which suffered depuit several year and france has so far we really have and this woman rehunira really is france and value is ,0.057311,0.134348,0.199075,0.62851,0.275878,lepen
206,My friends are for the Pen because they are angry at the current system.,0.029937,0.846985,0.037434,0.024563,0.007262,lepen
207,Navy lepen has the honour to represent France As values of our country. She wants to change something that are important in life of each French citizen macron when it has a notice for the most wealthy person and the way of life form of each French and think q a thing is becoming president to conduct even more discord ,0.577569,0.071358,0.064729,0.169684,0.096059,lepen
208,"Mrs Le Pen proposes concrete measures to combat the precarious present within the population (decline in unemployment, retirement, replacing the referendum, upgrading of the PLA, ...)",0.192121,0.076954,0.050311,0.080751,0.012054,lepen
209,Fear that Marine Le Pen triggers a civil war,0.023318,0.078365,0.877644,0.081573,0.045512,lepen
210,I have heard a lot people around me say that Macron was a second Holland was on the side of the rich since it was a banker. So they don't want it and vote for Marine Le Pen ,0.425783,0.179064,0.066947,0.312313,0.13021,lepen
211,Marine Le Pen to good proposal for the French and pence really that this will be better for our country so pretty ,0.83251,0.073201,0.037575,0.05767,0.010324,lepen
212,Marine Le Pen,0.252485,0.159777,0.128052,0.132346,0.056746,lepen
213,"Looking at the discussions, surveys, the views of citizens Mr /Macron more likely to become president that Ms. Le Pen",0.335239,0.096468,0.104812,0.143017,0.035556,lepen
214,Navy always desired to deal with French and his country first before going to his nose elsewhere that the silk is financial problem school housing ext but for us French priority. Because it is our right we have but we get nothing for Gard other while some French sleep outside in the cold to eat a piece of bread back to Franc and an excellent idea to take our product loco to me our cost promote our product our land has the place to buy foreign wholesaler ,0.286889,0.157136,0.140457,0.236559,0.366823,lepen
215,For the same reason that I think Navy will elected.,0.219544,0.145925,0.149276,0.236869,0.091222,lepen
216,I think Marine Le Pen will win the 2017 presidential election against Emmanuel Macron because it will face immigration and terrorism in our country and this is very important for many French ,0.162443,0.103195,0.392133,0.226342,0.351712,lepen
217,"Marine Le Pen is FN, people take the risk of voting for her.",0.225105,0.238446,0.227294,0.259292,0.238119,lepen
218,Marine pen is really too racist I think if it is elected we go right to disaster ,0.028543,0.533215,0.122078,0.140182,0.487935,lepen
219,Marine Le Pen is going to win the election.    Why? Because-navy think of France and it but instead of French.,0.165929,0.31456,0.214179,0.364244,0.110381,lepen
220,He thinks the same thing in relation to the Pen and therefore even if Macron is not great and its defects it has less than Marine Le Pen and its programme is much more realistic. ,0.353866,0.25742,0.145006,0.163932,0.153394,lepen
221,Because if Mr Macron is Translation will suffer the Act Elkhomri Power 10 by Order. So I think Marine Le Pen won this election will ,0.094623,0.350525,0.170124,0.552403,0.032971,lepen
222,"Marine pen has not program, many French have understood!!",0.292835,0.106477,0.083514,0.099076,0.081719,lepen
223,"I think Le Pen will win because everything is being see Macron, many movaises things.  I also think that people who have together with Macron will together with Le Pen, not all, but a part because Le Pen since the beginning to reason.",0.571793,0.121453,0.073004,0.255471,0.046066,lepen
224,"They think that Le Pen is a racist, a fascist, because they only listen to the media.",0.12743,0.426979,0.05704,0.069564,0.554125,lepen
225,"Marine pen It will because France and being mourire, code immigration, wages too low, attack, ...",0.012033,0.191811,0.345049,0.19491,0.323444,lepen
226,"Navy Lepen wants my opinion destroy France, I think it will divide France and we indebted we are out of the European Union.  As Macron if he left the government of Holland is that it was not agree with these actions, I think Macron can meet France because left is right and left and for a good government They need both.",0.063067,0.480676,0.137196,0.435345,0.165106,lepen
227,Because with Marine France will be saved,0.241655,0.102538,0.104257,0.192009,0.072414,lepen
228,Already from my point of view to each faith that the Pen is through first round with another candidate it is never move to the second round and it is already several years.  Macron and Pen certainly offers solution but it does not like to all the world therefore I pence before fill vote because it put this agreement or that one of them propose something more convincan.,0.549228,0.041305,0.030012,0.365529,0.041366,lepen
229,The draft Emmanuel Macron are more convincing than those of Marine Le Pen and the other part I am against the FN I would have voted for any candidate who remain in second round in front of her. ,0.235475,0.125614,0.069747,0.413052,0.190211,lepen
230,My friends think the same thing because Marine Lepen is really a crook and it must be blind not to see ,0.398282,0.213904,0.187059,0.199032,0.10321,lepen
231,Marine Le Pen n is not fit to govern and extremes not to like French,0.150498,0.184411,0.115582,0.356684,0.071374,lepen
232,Because marine Pen and rasiste and uses the discrimination is not the values of the Republic,0.046127,0.311353,0.0853,0.157309,0.045216,lepen
233,Many people vote for Mr Macron to vote against Ms. Le Pen ,0.307765,0.259716,0.045811,0.171679,0.334148,lepen
234,Navy because it and better ,0.591232,0.057055,0.031634,0.091456,0.018193,lepen
235,The battle for a president between Emmanuel Macron and Marine Le Pen is very common because both parties are not in agreement and its part in the drift so I look next to Marine Le Pen for his speech on some interesting points,0.61386,0.1619,0.068991,0.153718,0.017189,lepen
236,In view of what the family The Pen in the head of citizens. Citizens are afraid of our future to these sides. ,0.075698,0.019813,0.726897,0.02902,0.023256,lepen
237,They think that Marine Le Pen is dangerous. For them Macron is a default choice and security for our future. They are afraid of the unknown that is Marine Le Pen. Macron is a vote of reason.,0.10693,0.060555,0.813289,0.072813,0.058379,lepen
238,"Most are for Le Pen because they are convinced that it will make things happen, except that they have not understood that this will be worse.",0.048948,0.375598,0.389684,0.420546,0.078188,lepen
239,"Because unlike Le Pen, Macron is not harsh to approach the racism, and respects the place of France in the European Union, so in the world. ",0.413843,0.235821,0.055917,0.130022,0.233224,lepen
240,"My friends do not think like me because they want Mrs Le Pen is to get all that discomfort in France, relishing it is true that we must strengthen security and make these Fichés from S but who says that Mr Macron will not?",0.102519,0.382962,0.189688,0.345426,0.120232,lepen
241,Marine pen will win the election because since the attacks person think this is a religion while its Belgian na yours did see and view that Marine want to expel any person not French the most part bah are become rassiste,0.104538,0.504862,0.26966,0.267849,0.08844,lepen
242,It is often and everyone said that Navy the head on the shoulders not as Macron ,0.221102,0.168441,0.149263,0.332449,0.05269,lepen
243,"My friends say that if Le Pen is then certainly we will fight against terrorism but aid will be low or nonexistent ... see We want to look for a good job later but if we have no help to finance our studies, how do? Some people cannot work therefore private aid back to private food, housing ....",0.184098,0.025616,0.395233,0.378431,0.260238,lepen
244,Navy good idea but the other candidates does not these ideas ,0.751107,0.019134,0.089062,0.097459,0.018896,lepen
245,Marine pen wants to eradicate Jews and non-Muslim!! I have many friends Jews and Muslims!!,0.132796,0.319676,0.252196,0.083287,0.503124,lepen
246,I am you're on my friends think the same thing as me because we have already discuss this point and we said that Le Pen will be better president than uttons because they also believe that we deserve a better France and a better future for our children. ,0.61966,0.16005,0.025052,0.187256,0.054726,lepen
247,People are afraid of Marine Le Pen and it is favorit. I think the French do not want marine because it is associated with the national front and that this party is for a political party racist and therefore people do not vote for this point Navy still suffers the image of his father. ,0.016711,0.155654,0.426431,0.42528,0.348011,lepen
248,"I think Navy wins because its already change a woman to govern France, two would be less poor, we would frank and there would be less immigrants .. ",0.05176,0.11964,0.22669,0.604456,0.268743,lepen
249,"I think the presidential elections will be won by Emmanuel Macron because Navy PEN is part of a family where opinions are very negative on these personalities, wounds could follow and think ideas that represents his father. As some say ""as father, like daughter"". So for many reasons that the French are afraid to engage with the FN: fear of change, a new system, deception or consequences come to light of the Navy PEN. The French want to be able to identify and find its place in society. However, each program to very good ideas as bad after my opinion. However the French have fear of a radical change prefer voted Emmanuel Macron representing the ideas of the current system with ideas for it. For my part and d after is that I see, we vote more despite that part by our own will. Some want to dam Marine PEN voting Macron. Are really envy of French? The opinion of the French?  I think our choices are increasingly manipulated by the media and society. Each Frenchman should have the right to think and make its own choices without any external influences. We will therefore set this Sunday. ",0.481027,0.133214,0.616616,0.220586,0.130379,lepen
250,Because Navy real project for France. ,0.526704,0.077218,0.11183,0.094721,0.097772,lepen
251,Caron never tried the extreme right and Ms. Pen really seem to worry about middle class and France bottom,0.105436,0.266053,0.488146,0.308134,0.053048,lepen
252,"First, Macron is more persuasive than Le Pen but it has themes of its program that does not please me.  Secondly, Navy is a racist and I hate the fact I would not vote for Marine Le Pen or Macron   ",0.071519,0.600266,0.077094,0.112633,0.378302,lepen
253,"Yes it is the right choice because it has very good ideas to save France as close the borders, bring out the files. Prohibit to give money to the offender. And the fact out of europe, decision to be taken after a referendum so it is a very good decision and any voters Navy are not agree with that.",0.52709,0.091895,0.121437,0.209206,0.167802,lepen
254,Marine Le Pen are program is better because ,0.527267,0.103888,0.069857,0.101613,0.014433,lepen
255,"I think macron will president because many other candidate we asked their constituents not to vote the pen, the national front scares many French but the change is scary but this is not as a bad thing is why I vote Marine Le Pen ",0.009551,0.098225,0.850398,0.172216,0.136408,lepen
256,"I pence that Marine Le Pen won because risk has already lived 5 years in Holland and c was a disaster, knowing that Macron to the government of Holland party and that he wants to reproduce the same thing   ",0.338219,0.134351,0.200973,0.389047,0.094037,lepen
257,Navy monemy best for France ķ,0.598067,0.027852,0.037982,0.039771,0.015714,lepen
258,"Having had a great debate, Marine Le Pen lost votes, taking Mr Macron, I can say that it!",0.231587,0.354824,0.138294,0.27253,0.267523,lepen
259,"Macron will win the presidential election, why? Because Marine Le Pen has no program in hand, she prefers to watch the past other open as a large open book think it be in the games while still and fortunately off field! ",0.643725,0.144837,0.069807,0.076647,0.125058,lepen
260,For all media assassinate the reputation of Marine Le Pen against his father Jean Marie.Et they are all in favour of macron,0.355041,0.174481,0.083571,0.237649,0.104043,lepen
261,I think and I hope that Macron will win because I do not think that Marine Le Pen is able to lead France. May even implement us situation even more difficult than it have already.  ,0.256881,0.046356,0.359242,0.340652,0.108963,lepen
262,The French have still not understood that Marine Le Pen is the right choice for the country,0.429199,0.111065,0.117868,0.156348,0.068841,lepen
263,I pance that its navy will lepen will parsque simply emanuelle pete macron above his ass and pance that compare him to Navy lepan moin wants to move the france soetir up to the economic downturn shit my opinion,0.04717,0.477569,0.088752,0.369704,0.327441,lepen
264,For Marine Le Pen wants to return to the essence of the country France ,0.434799,0.1028,0.111115,0.144436,0.022266,lepen
265,Yes the fact that Marine Le Pen has no project for France.,0.300072,0.157157,0.099798,0.158763,0.087161,lepen
266,"I think LE PEN Navy can surprise us, I can deceive me more but if it leaves its chance how we can know?   I prefer a candidate who want this fight against terrorism and our values, that a candidate who believe that money and hokus-pokus in things fishy. ",0.038606,0.263823,0.344002,0.457387,0.201244,lepen
267,Yes because marine Pena held a speech on these promises to relieve France that will then emmanuel will be even lower macron France. ,0.278111,0.070142,0.222811,0.292445,0.240622,lepen
268,It was so of course being young talk about Jean Marie Le Pen now Marine Le Pen is terrifying for us. ,0.170506,0.173919,0.68907,0.072477,0.015987,lepen
269,"Macron is likely to win the election because it brings more people.  Le Pen has been see last night that it was not mature to cut the floor without stopping as primary, it has not the shoulders to support this country.",0.262589,0.158277,0.191185,0.40301,0.13267,lepen
270,"I think it is Emanuel Macron who will win this election because Navy Lepen represents the national front and that it is the daughter of Jean-Marie Lepen former candidate whose ideas laid too far and a ""fear"" of the national front is established ",0.061773,0.022681,0.780003,0.171411,0.159262,lepen
271,Psq Marine c lesang ,0.184496,0.090723,0.087573,0.144548,0.08421,lepen
272,Le Pen because it has to move France that France is not to seek advice to Europe ,0.345315,0.150272,0.268505,0.271607,0.064035,lepen
273,Yes because Navy Pen and already the national front and it has changed already thing and France can change and it can do less unemployment for France gives more job and for older people will increase their retirement,0.160291,0.172726,0.110672,0.400977,0.148831,lepen
274,The fact see a banker in power is unthinkable. France would be a plant has currency or the poor will purchasing power to enrichment of the rich. It is for this that I think the French will be Marine Le Pen even if it has not necessarily good ideologies.,0.212236,0.141406,0.195715,0.441823,0.144732,lepen
275,Mr Macron because eniencyn't want Madam Le Pen is second round.,0.311717,0.202638,0.096122,0.212985,0.039176,lepen
276,Some of my friends feel the same thing as me because he criticized the same thing to Mr. Macron and have the same ideas as me in relation to Madam Pen ,0.539097,0.255028,0.082206,0.109651,0.042136,lepen
277,"Not necessarily, but Madam Le Pen proposes better thing that Mr Macron. And we know you are singled out now.  ",0.53376,0.103554,0.079828,0.123905,0.019281,lepen
278,It will be Marine Le Pen prck it has all the positive points to put France in order ,0.547787,0.17171,0.032048,0.120304,0.029718,lepen
279,I think Macron after can be the Pen but hope not j,0.099344,0.343407,0.226336,0.119186,0.065895,lepen
280,Marine pen already because we cetait and appercu macron is a con then if with all the crap that balance it even on him and roof is that the press finds it is elected president bravo to the French people submitted ,0.081467,0.479141,0.174325,0.365986,0.091424,lepen
281,"I think Mr. The Pen will pass the 2ne turn, because it is proposing a program that seems enough to the height, of course, some fragilities but this is normal because everything can't be perfect. I think it capabilities required to become French president, and govern our pay. She knows or she will lead us ",0.082658,0.274647,0.211523,0.217897,0.038325,lepen
282,I think Marcrin gonna win these elections because despite the fear of French Navy remains far from the future with all its campaign.,0.04713,0.036054,0.860299,0.098962,0.066295,lepen
283,"All are united against the FN, Marine Le Pen",0.240201,0.159536,0.127685,0.140109,0.059974,lepen
284,Parceaus Marine Lepen wants to save the france,0.169492,0.13575,0.109429,0.276274,0.061039,lepen
285,The family Pen scares the people unfortunately. ,0.050598,0.063551,0.854498,0.053393,0.017605,lepen
286,Carle Pen wants files S back where they come from. She wants unemployment decreases in creating jobs in the smb smb,0.203465,0.176461,0.15239,0.221295,0.023807,lepen
287,Macron is likely to pass because everyone deflates before Navy can move,0.220776,0.09393,0.190376,0.363456,0.031008,lepen
288,"I think Navy is the only really want the good of this country and for everyone unlike macron: who, only supports the finance and cares of workers, pensioners or disabled ... Macron is just 1 crook",0.102394,0.25672,0.024652,0.34328,0.530529,lepen
289,Marine pen will change many thing and will remmettre a france.,0.16472,0.151917,0.149955,0.175358,0.037614,lepen
290,They think the Marine Le Pen Immigration and the output of the euro will be favourable to our country. ,0.161268,0.102065,0.210273,0.200829,0.159392,lepen
291,Because simply Macron was Hollande regime therefore same shit again for 5 years he is the author of the 49: 3 of the Act El komhri. Navy n is not qlqs just racist qlqs who wants to defend the history of his country and continue as a write a story Française ,0.072992,0.483881,0.027564,0.219911,0.506168,lepen
292,It is the only talking about real problems and shows us the flaws in our current government and passé.er especially Marine pen it has a programme for the defence of the country ,0.089848,0.132,0.144609,0.285632,0.328416,lepen
293,"Because with him, France will remain what it is and as it is. While with Marine, France change completely (political hard and severe against foreigners, withdrawal of France European Union ...). ",0.035985,0.190082,0.034274,0.613083,0.068882,lepen
294,They do not see things like me and not think the Pen to move,0.310785,0.256268,0.187222,0.1352,0.044531,lepen
295,I think Mr. Macron will be the next president because the French are afraid of Mrs Le Pen et al they continue to identify his father. And then she has continued to demonstrate by A + B that Mr. Macron Chiickens us all its nothing because people will vote for him. I will not vote for him because I am French manufacturing and that the work be priority to French. C is like the tax that it wanted to put on the roads he could have run but for the truck arriving from abroad or l for business hiring foreign road. But it was easier to its l stop after all this n is not the president who has to pay or all ministers our tax.  I would say that all its even defois gives envy its phobia d have papers. We cache too thing and its convien has a lot of French in l d be ignorance as it is a salary that comes at the end of the month. After great parent that are fought for what is right that we are going to lose with the temp.  In any ways I am my children have to study that deep better than us and that boat. Since in this country it n there for people who we arrive. After there are forgetting that if people are retired tot there will be more work for the future generation but you understand as now we life older to work later c is shameful. Finally made it al to develop since long but obviously they are again.,0.549466,0.139255,0.584559,0.534469,0.140982,lepen
296,Because the French have unfortunately not the guts to vote Le Pen by fear of change ,0.036882,0.03002,0.922268,0.023282,0.047029,lepen
297,Some people have difficulty understanding that the fn has changed and there is more racism free as the temp jean marie Lepen. And Navy 1 genuine program in all areas,0.321802,0.060455,0.045596,0.267334,0.049985,lepen
298,Programmes Macron nothing to France. Unless he has not enough experience to become president.  The Pena much thing to bring French value.,0.333991,0.248141,0.056494,0.210879,0.214358,lepen
299,Marine LE PEN must get things,0.23266,0.268383,0.209324,0.16666,0.050154,lepen
300,"For those who vote FN, many have a global vision of problems France (economy, work, education, terrorism, immigration).     It is quite debatable between us same capacities of achievements of the 140 measures that wishes to Mrs Le Pen.    However, access to supreme power remains a hope and not an idea any made. The harsh reality is undoubtedly the wrong opinion to the people of National Front before observing any program.",0.061167,0.202149,0.32618,0.584796,0.10625,lepen
301,"Yes Marine Le Pen is my good choice, because it is a strong woman who think about his country ",0.779369,0.04101,0.054494,0.080628,0.034382,lepen
302,"I think Macron will become president because Marine Le Pen is preceded by a known racist then people are afraid. Macron is rather young and gathers the people, then the people have confidence in him, but if Le Pen arrived until here is because of the fed up people and amalgam.",0.10675,0.301424,0.537677,0.107488,0.23964,lepen
303,Navy pena d much experience in the current political Macron is much too young to lead a country ,0.065484,0.118512,0.100935,0.371323,0.076205,lepen
304,Marine pen because now it is honest and forthright,0.162423,0.203874,0.119421,0.138722,0.032184,lepen
305,If Navy wins its'll pen the 3rd World War is on ... ,0.473082,0.234598,0.030996,0.103203,0.037197,lepen
306,Because mr macron is not be to not know if he and right or left and I pence that its gonna As mr holland. And Marine Le Pen has good idea and even if we do not like its gonna be referendum therefore no reason to vote not navy.   ,0.46631,0.141663,0.124565,0.325559,0.01762,lepen
307,Emmanuel Macron'll no longer because the French people have fear of national front. Fear of Madam Le Pen because if it is elected president the people will trigger a civil war,0.015704,0.0787,0.883022,0.076382,0.155676,lepen
308,Because marine Pen and a person too much frank we believe in these proposals sometimes in the exercise my are ossi good for all the French back ,0.645087,0.085427,0.049815,0.162737,0.009291,lepen
309,Parcequont has confidence in Marine Lepen,0.793736,0.020516,0.047397,0.049767,0.011992,lepen
310,Only Navy Lepen can save France.,0.249357,0.104956,0.100777,0.188728,0.071501,lepen
311,I think Macron will pass because Marine Le Pen has a program too aggressive while macron has a program more stable and more realistic in terms of the economy. Certe a program difficult to hear for some but more realistic than marine pen.,0.116842,0.222058,0.317657,0.360666,0.036502,lepen
312,"Emmanuel macron will be president, during the debate Marine Le Pen was not convincing enough and spend a lot next to the question. Was it no argument to protest against macron and the whole france ",0.294286,0.339569,0.137149,0.196623,0.229578,lepen
313,Macron has a program for the French people say that Marine Le Pen as yet metrise program is in the aggression. ,0.289243,0.163868,0.200928,0.253259,0.106638,lepen
314,"People are too afraid that the FN pass, they prefer to vote Macron. Opinion polls say elsewhere. Moreover, the most fear the French, it is the output of the European Union that Marine Le Pen proposes",0.031108,0.067413,0.894576,0.048665,0.091619,lepen
315,Navy has a good pen departed,0.306666,0.051594,0.061369,0.094371,0.038067,lepen
316,Marine pen because it will catch any errors that achieve and holland have done and decided and also it will give the French on foot and there is going to be a huge sort at the peculiar and emigrants,0.330938,0.21821,0.145872,0.393283,0.120751,lepen
317,Because the socialists are crooks it's quite a few years in power he has changed me otherwise and therefore more to other than we French working built France so I am the same as Marine Le Pen give the job to French it is a priority.  When you see the manifestations of extreme left we see clearly that it is that scum that tape I find it unacceptable queneau Balance my CRS Constable our police are above except type have burned because it protects the people,0.066678,0.312744,0.222826,0.325823,0.414448,lepen
318,I think Emmanuel Macron will prevail because Marine Le Pen and too radical and scared to France including young it could trigger a war.,0.020923,0.092166,0.857565,0.098283,0.024223,lepen
319,I think Le Pen will because in its program explains and demonstrates that it is the help France that our children have a better future they know a new France and independent. ,0.526882,0.145909,0.065591,0.079037,0.030466,lepen
320,"The draft Madam Pen until present is nothing good, it PPIM complicated abstract and empty in some parts. Even if I am not agree with Mr. macron, defend its project and qait it. Madam pen it feels just wants to win to push foreign outside france, frankly, it is not what we need.",0.253344,0.277813,0.20695,0.335589,0.138217,lepen
321,"They saw that between LePen and Macron, one candidate was for the French people ",0.232525,0.053556,0.148559,0.293442,0.42384,lepen
322,"For me it is the perfect people for France now.   Because France is under the terrorist attacks, Navy wants to get rid of terrorists, something that I can't find normal, is that everyone came from another country may dress held religious and traditional in public places, while we, French, if out a cross can be arrested by the police while others all go well and that if we their said something, it becomes racist and therefore Le Pen wants to prohibit this.",0.067218,0.471598,0.413099,0.159667,0.279927,lepen
323,Marine pen wants to restore the francais france back to work in france and a locked our border security and currency do increase the life cotidienne ,0.097897,0.162385,0.518606,0.169676,0.028237,lepen
324,"Although the National Front has a multitude of members and support, I think that the majority of the population is afraid of what represents this party report to Jean-Marie Le Pen once without the deep conviction to see that since his daughter is at the head of the party that has changed many things to intentions of the extreme right.    Thus it is unfortunate (for the National Front) that it does not win the presidential view of the failure of objectivity of the proportion of citizens who are most in agreement that we must change but despite the choice of candidates, not vote for change, but ""to dam"".",0.075051,0.061154,0.404466,0.276319,0.143034,lepen
325,The gonna win the election is Mr Macron because Mrs Le Pen has many projects but they will never successfully ,0.480942,0.224765,0.158504,0.128226,0.028346,lepen
326,"In a Europe which requires the France its guidelines without negotiations with the people through our leaders, our country is obliged to respect a lot of constraints that it cannot assume.    This is our agriculture, our national security, our economy and even political.    It would not be correct to say that Mrs Le Pen would solve all the problems facing France today.  But when it is closer to its program that embodies new rules potentially g, then yes, I think we can redress the country with this program.    We need ""new ideas"" and not the ""young with old ideas,"" something that the French ""march"" have difficulty integrating.    If Mr Macron have a real position to recover economically the country, why not have done during the quinquennium of Mr Holland ...?    The draft Mrs Le Pen is, in my opinion, a better chance for the French population and the country to rebuild all points as his opponent.",0.474788,0.125199,0.162987,0.514447,0.428115,lepen
327,Neither Macron nor Le Pen is slim to be èlue travels,0.351415,0.06404,0.04451,0.050339,0.037428,lepen
328,Marine pen advocates France and not Europe! ,0.186911,0.203369,0.113175,0.095832,0.078571,lepen
329,"The second round debate, Marine Le Pen is ridiculed, it did not submit its programme, it has that critical and out of sheets while Macron had a real program and it is never upset against ""insults"" of Le Pen.  Also the idea of Marine get us out of the Euro is incense because we are much dependent on these countries. I also found racist because even if it does not directly foreign France wants to ensure that it can no longer live as easily. ",0.229767,0.15186,0.140112,0.233538,0.438742,lepen
330,I think his will because Macron Marine pen is a danger to france.,0.04877,0.241124,0.676687,0.121218,0.111612,lepen
331,"Marine Le Pen would be a real change, a disruption of any of which we do not know the future and that can be would be good at the end of the quinquennium, but it is voted for the unknown is may be irresponsible, but we cannot judge without trying.",0.342928,0.391547,0.053177,0.12234,0.128671,lepen
332,It is Navy will win because its programme and great and France will be better with navy,0.811097,0.02662,0.031108,0.032058,0.058126,lepen
333,I think that Marine Le Pen will win the presidential election of 2017 because it has not lied to the French and for me it is has the best program ,0.634273,0.095997,0.139709,0.056304,0.053468,lepen
334,Because the Penne is never to 2nd round,0.438365,0.053234,0.079348,0.185525,0.043292,lepen
335,Le Pen because French want change.,0.138485,0.107065,0.172165,0.133188,0.039635,lepen
336,People are afraid to Pen ,0.015113,0.050055,0.899318,0.052242,0.042799,lepen
337,Marine pen is likely renporté election report has its idéoligie. She put France before in these speeches.,0.016266,0.244134,0.212526,0.193713,0.076019,lepen
338,I think it is Marine Le Pen,0.216156,0.193263,0.192244,0.167292,0.074731,lepen
339,"I choose to vote in reality despite Macron since for me or Macron, nor Lepen his place as president.  But it is sure that if Navy Lepen password is all screwed.",0.117271,0.336158,0.021561,0.61346,0.08551,lepen
340,Marine pen can be a good choice for France has never try to women or the fn then why not and then must stop believing that voting for the fn his racist is not true even the fn is not racist we just want a France before France happy free rich and helps it is French,0.299991,0.352662,0.050408,0.194182,0.285557,lepen
341,It must be elected because France needs change and change it is with Marine helped French we rose to the surface. And that one is in a free country and security ,0.118152,0.153126,0.152784,0.308253,0.133387,lepen
342,"Yes because Marine Le Pen divide while macron will not better but not divide the French between them, there will be less hatred",0.089004,0.599604,0.078606,0.212717,0.083148,lepen
343,Marine Le Pen is not a liar as Macron and is intended to change everything for France which is a good thing ,0.622828,0.083385,0.095202,0.086116,0.032987,lepen
344,Because marine Pence that she said is true.  Because macron am not closed borders and not project for the immigration therefore Marine Le Pen is more convincing and more serious for France and our future marine c is the Pen,0.353957,0.203027,0.136926,0.110995,0.059534,lepen
345,All persons not wishing that Marine Le Pen's vote for Macron nothing to Marine dam  ,0.378451,0.205053,0.073042,0.121283,0.207817,lepen
346,I think Marine Le Pen will not do everything because it will not alone but its would France become France. ,0.227475,0.107035,0.18221,0.349818,0.115892,lepen
347,Macros with Le Pen because it would be like going right into a wall! Especially for us young,0.395428,0.233624,0.127438,0.121147,0.042019,lepen
348,Macron because people see Marine Le Pen as a rasicte ,0.297915,0.180393,0.106371,0.185714,0.161494,lepen
349,Compare macron. The Pen pence has all these taxes that we are poverty. And these pensions that can pay their rent while he wants scams macron France and take all are money,0.05073,0.575647,0.015911,0.191766,0.22967,lepen
350,"My friends are people who voted Melancon like me, for them, Le Pen is racism and Macron a rich, or it is better to someone who likes money to power rather than someone who is not human",0.438331,0.286141,0.013085,0.087259,0.334185,lepen
351,I would like this itself Pen is elected but in my opinion the French are so stupid that will vote for a macron souhadisant declining residential tax while the rest will increase it's sad really sad!  ,0.004074,0.207968,0.132261,0.787171,0.154891,lepen
